County Name,City Name,Town Name,Village Name,Municipality,County FIPS
Albany,Albany,,,Albany,36001
Montgomery,Amsterdam,,,Amsterdam,36057
Cayuga,Auburn,,,Auburn,36011
Genesee,Batavia,,,Batavia,36037
Dutchess,Beacon,,,Beacon,36027
Broome,Binghamton,,,Binghamton,36007
Bronx,Bronx,,,Bronx,36005
Kings,Brooklyn,,,Brooklyn,36047
Erie,Buffalo,,,Buffalo,36029
Ontario,Canandaigua,,,Canandaigua,36069
Albany,Cohoes,,,Cohoes,36001
Steuben,Corning,,,Corning,36101
Cortland,Cortland,,,Cortland,36023
Chautauqua,Dunkirk,,,Dunkirk,36013
Chemung,Elmira,,,Elmira,36015
Oswego,Fulton,,,Fulton,36075
Ontario,Geneva,,,Geneva,36069
Nassau,Glen Cove,,,Glen Cove,36059
Warren,Glens Falls,,,Glens Falls,36113
Fulton,Gloversville,,,Gloversville,36035
Steuben,Hornell,,,Hornell,36101
Columbia,Hudson,,,Hudson,36021
Tompkins,Ithaca,,,Ithaca,36109
Chautauqua,Jamestown,,,Jamestown,36013
Fulton,Johnstown,,,Johnstown,36035
Ulster,Kingston,,,Kingston,36111
Erie,Lackawanna,,,Lackawanna,36029
Herkimer,Little Falls,,,Little Falls,36043
Niagara,Lockport,,,Lockport,36063
Nassau,Long Beach,,,Long Beach,36059
New York,Manhattan,,,Manhattan,36061
Saratoga,Mechanicville,,,Mechanicville,36091
Orange,Middletown,,,Middletown,36071
Westchester,Mt Vernon,,,Mt Vernon,36119
Orange,Newburgh,,,Newburgh,36071
Westchester,New Rochelle,,,New Rochelle,36119
New York City,New York City,,,New York City,36061
Niagara,Niagara Falls,,,Niagara Falls,36063
Niagara,North Tonawanda,,,North Tonawanda,36063
Chenango,Norwich,,,Norwich,36017
St Lawrence,Ogdensburg,,,Ogdensburg,36099
Cattaraugus,Olean,,,Olean,36009
Madison,Oneida,,,Oneida,36053
Otsego,Oneonta,,,Oneonta,36077
Oswego,Oswego,,,Oswego,36075
Westchester,Peekskill,,,Peekskill,36119
Clinton,Plattsburgh,,,Plattsburgh,36019
Orange,Port Jervis,,,Port Jervis,36071
Dutchess,Poughkeepsie,,,Poughkeepsie,36027
Queens,Queens,,,Queens,36081
Rensselaer,Rensselaer,,,Rensselaer,36083
Monroe,Rochester,,,Rochester,36055
Oneida,Rome,,,Rome,36065
Westchester,Rye,,,Rye,36119
Cattaraugus,Salamanca,,,Salamanca,36009
Saratoga,Saratoga Springs,,,Saratoga Springs,36091
Schenectady,Schenectady,,,Schenectady,36093
Oneida,Sherrill,,,Sherrill,36065
Richmond,Staten Island,,,Staten Island,36085
Onondaga,Syracuse,,,Syracuse,36067
Erie,Tonawanda,,,Tonawanda,36029
Rensselaer,Troy,,,Troy,36083
Oneida,Utica,,,Utica,36065
Jefferson,Watertown,,,Watertown,36045
Albany,Watervliet,,,Watervliet,36001
Westchester,White Plains,,,White Plains,36119
Westchester,Yonkers,,,Yonkers,36119
Albany,,Berne,,Berne,36001
Albany,,Bethlehem,,Bethlehem,36001
Albany,,Coeymans,Ravena,Ravena,36001
Albany,,Coeymans,,Coeymans,36001
Albany,,Colonie,Colonie,Colonie,36001
Albany,,Colonie,Menands,Menands,36001
Albany,,Colonie,,Colonie,36001
Albany,,Green Island,Green Island,Green Island,36001
Albany,,Green Island,,Green Island,36001
Albany,,Guilderland,Altamont,Altamont,36001
Albany,,Knox,,Knox,36001
Albany,,New Scotland,Voorheesville,Voorheesville,36001
Albany,,New Scotland,,New Scotland,36001
Albany,,Rensselaerville,,Rensselaerville,36001
Albany,,Westerlo,,Westerlo,36001
Albany,,,,,36001
Allegany,,Alfred,Alfred,Alfred,36003
Allegany,,Alfred,,Alfred,36003
Allegany,,Allen,,Allen,36003
Allegany,,Alma,,Alma,36003
Allegany,,Almond,Almond,Almond,36003
Allegany,,Almond,,Almond,36003
Allegany,,Amity,Belmont,Belmont,36003
Allegany,,Amity,,Amity,36003
Allegany,,Andover,Andover,Andover,36003
Allegany,,Andover,,Andover,36003
Allegany,,Angelica,Angelica,Angelica,36003
Allegany,,Angelica,,Angelica,36003
Allegany,,Belfast,,Belfast,36003
Allegany,,Birdsall,,Birdsall,36003
Allegany,,Bolivar,Bolivar,Bolivar,36003
Allegany,,Bolivar,Richburg,Richburg,36003
Allegany,,Bolivar,,Bolivar,36003
Allegany,,Burns,Canaseraga,Canaseraga,36003
Allegany,,Burns,,Burns,36003
Allegany,,Caneadea,,Caneadea,36003
Allegany,,Centerville,,Centerville,36003
Allegany,,Clarksville,,Clarksville,36003
Allegany,,Cuba,Cuba,Cuba,36003
Allegany,,Cuba,,Cuba,36003
Allegany,,Friendship,,Friendship,36003
Allegany,,Genesee,,Genesee,36003
Allegany,,Granger,,Granger,36003
Allegany,,Grove,,Grove,36003
Allegany,,Hume,,Hume,36003
Allegany,,Independence,,Independence,36003
Allegany,,New Hudson,,New Hudson,36003
Allegany,,Rushford,,Rushford,36003
Allegany,,Scio,,Scio,36003
Allegany,,Ward,,Ward,36003
Allegany,,Wellsville,Wellsville,Wellsville,36003
Allegany,,Wellsville,,Wellsville,36003
Allegany,,West Almond,,West Almond,36003
Allegany,,Willing,,Willing,36003
Allegany,,Wirt,,Wirt,36003
Allegany,,,,,36003
Broome,,Barker,,Barker,36007
Broome,,Binghamton,,Binghamton,36007
Broome,,Chenango,,Chenango,36007
Broome,,Colesville,,Colesville,36007
Broome,,Conklin,,Conklin,36007
Broome,,Dickinson,Port Dickinson,Port Dickinson,36007
Broome,,Dickinson,,Dickinson,36007
Broome,,Fenton,,Fenton,36007
Broome,,Kirkwood,,Kirkwood,36007
Broome,,Lisle,Lisle,Lisle,36007
Broome,,Lisle,,Lisle,36007
Broome,,Maine,,Maine,36007
Broome,,Nanticoke,,Nanticoke,36007
Broome,,Sanford,Deposit,Deposit,36007
Broome,,Sanford,,Sanford,36007
Broome,,Triangle,Whitney Point,Whitney Point,36007
Broome,,Triangle,,Triangle,36007
Broome,,Union,Endicott,Endicott,36007
Broome,,Union,Johnson City,Johnson City,36007
Broome,,Union,,Union,36007
Broome,,Vestal,,Vestal,36007
Broome,,Windsor,Windsor,Windsor,36007
Broome,,Windsor,,Windsor,36007
Broome,,,,,36007
Cattaraugus,,Allegany,Allegany,Allegany,36009
Cattaraugus,,Allegany,,Allegany,36009
Cattaraugus,,Ashford,,Ashford,36009
Cattaraugus,,Carrollton,,Carrollton,36009
Cattaraugus,,Coldspring,,Coldspring,36009
Cattaraugus,,Conewango,,Conewango,36009
Cattaraugus,,Dayton,South Dayton,South Dayton,36009
Cattaraugus,,Dayton,,Dayton,36009
Cattaraugus,,East Otto,,East Otto,36009
Cattaraugus,,Ellicottville,Ellicottville,Ellicottville,36009
Cattaraugus,,Ellicottville,,Ellicottville,36009
Cattaraugus,,Farmersville,,Farmersville,36009
Cattaraugus,,Franklinville,Franklinville,Franklinville,36009
Cattaraugus,,Franklinville,,Franklinville,36009
Cattaraugus,,Freedom,,Freedom,36009
Cattaraugus,,Great Valley,,Great Valley,36009
Cattaraugus,,Hinsdale,,Hinsdale,36009
Cattaraugus,,Humphrey,,Humphrey,36009
Cattaraugus,,Ischua,,Ischua,36009
Cattaraugus,,Leon,,Leon,36009
Cattaraugus,,Little Valley,Little Valley,Little Valley,36009
Cattaraugus,,Little Valley,,Little Valley,36009
Cattaraugus,,Lyndon,,Lyndon,36009
Cattaraugus,,Machias,,Machias,36009
Cattaraugus,,Mansfield,,Mansfield,36009
Cattaraugus,,Napoli,,Napoli,36009
Cattaraugus,,New Albion,Cattaraugus,Cattaraugus,36009
Cattaraugus,,New Albion,,New Albion,36009
Cattaraugus,,Olean,,Olean,36009
Cattaraugus,,Otto,,Otto,36009
Cattaraugus,,Perrysburg,,Perrysburg,36009
Cattaraugus,,Persia,Gowanda,Gowanda,36009
Cattaraugus,,Persia,,Persia,36009
Cattaraugus,,Portville,Portville,Portville,36009
Cattaraugus,,Portville,,Portville,36009
Cattaraugus,,Randolph,,Randolph,36009
Cattaraugus,,Red House,,Red House,36009
Cattaraugus,,Salamanca,,Salamanca,36009
Cattaraugus,,South Valley,,South Valley,36009
Cattaraugus,,Yorkshire,Delevan,Delevan,36009
Cattaraugus,,Yorkshire,,Yorkshire,36009
Cattaraugus,,,,,36009
Cayuga,,Aurelius,Cayuga,Cayuga,36011
Cayuga,,Aurelius,,Aurelius,36011
Cayuga,,Brutus,Weedsport,Weedsport,36011
Cayuga,,Brutus,,Brutus,36011
Cayuga,,Cato,Cato,Cato,36011
Cayuga,,Cato,Meridian,Meridian,36011
Cayuga,,Cato,,Cato,36011
Cayuga,,Conquest,,Conquest,36011
Cayuga,,Fleming,,Fleming,36011
Cayuga,,Genoa,,Genoa,36011
Cayuga,,Ira,,Ira,36011
Cayuga,,Ledyard,Aurora,Aurora,36011
Cayuga,,Ledyard,,Ledyard,36011
Cayuga,,Locke,,Locke,36011
Cayuga,,Mentz,Port Byron,Port Byron,36011
Cayuga,,Mentz,,Mentz,36011
Cayuga,,Montezuma,,Montezuma,36011
Cayuga,,Moravia,Moravia,Moravia,36011
Cayuga,,Moravia,,Moravia,36011
Cayuga,,Niles,,Niles,36011
Cayuga,,Owasco,,Owasco,36011
Cayuga,,Scipio,,Scipio,36011
Cayuga,,Sempronius,,Sempronius,36011
Cayuga,,Sennett,,Sennett,36011
Cayuga,,Springport,Union Springs,Union Springs,36011
Cayuga,,Springport,,Springport,36011
Cayuga,,Sterling,Fair Haven,Fair Haven,36011
Cayuga,,Sterling,,Sterling,36011
Cayuga,,Summerhill,,Summerhill,36011
Cayuga,,Throop,,Throop,36011
Cayuga,,Venice,,Venice,36011
Cayuga,,Victory,,Victory,36011
Cayuga,,,,,36011
Chautauqua,,Arkwright,,Arkwright,36013
Chautauqua,,Busti,Lakewood,Lakewood,36013
Chautauqua,,Busti,,Busti,36013
Chautauqua,,Carroll,,Carroll,36013
Chautauqua,,Charlotte,Sinclairville,Sinclairville,36013
Chautauqua,,Charlotte,,Charlotte,36013
Chautauqua,,Chautauqua,Mayville,Mayville,36013
Chautauqua,,Chautauqua,,Chautauqua,36013
Chautauqua,,Cherry Creek,Cherry Creek,Cherry Creek,36013
Chautauqua,,Cherry Creek,,Cherry Creek,36013
Chautauqua,,Clymer,,Clymer,36013
Chautauqua,,Dunkirk,,Dunkirk,36013
Chautauqua,,Ellery,Bemus Point,Bemus Point,36013
Chautauqua,,Ellery,,Ellery,36013
Chautauqua,,Ellicott,Celoron,Celoron,36013
Chautauqua,,Ellicott,Falconer,Falconer,36013
Chautauqua,,Ellicott,,Ellicott,36013
Chautauqua,,Ellington,,Ellington,36013
Chautauqua,,French Creek,,French Creek,36013
Chautauqua,,Gerry,,Gerry,36013
Chautauqua,,Hanover,Forestville,Forestville,36013
Chautauqua,,Hanover,Silver Creek,Silver Creek,36013
Chautauqua,,Hanover,,Hanover,36013
Chautauqua,,Harmony,Panama,Panama,36013
Chautauqua,,Harmony,,Harmony,36013
Chautauqua,,Kiantone,,Kiantone,36013
Lewis,,Turin,,Turin,36049
Chautauqua,,Mina,,Mina,36013
Chautauqua,,North Harmony,,North Harmony,36013
Chautauqua,,Poland,,Poland,36013
Chautauqua,,Pomfret,Fredonia,Fredonia,36013
Chautauqua,,Pomfret,,Pomfret,36013
Chautauqua,,Portland,Brocton,Brocton,36013
Chautauqua,,Portland,,Portland,36013
Chautauqua,,Ripley,,Ripley,36013
Chautauqua,,Sheridan,,Sheridan,36013
Chautauqua,,Sherman,Sherman,Sherman,36013
Chautauqua,,Sherman,,Sherman,36013
Chautauqua,,Stockton,Cassadaga,Cassadaga,36013
Chautauqua,,Stockton,,Stockton,36013
Chautauqua,,Villenova,,Villenova,36013
Chautauqua,,Westfield,Westfield,Westfield,36013
Chautauqua,,Westfield,,Westfield,36013
Chautauqua,,,,,36013
Chemung,,Ashland,Wellsburg,Wellsburg,36015
Chemung,,Ashland,,Ashland,36015
Chemung,,Baldwin,,Baldwin,36015
Chemung,,Big Flats,,Big Flats,36015
Chemung,,Catlin,,Catlin,36015
Chemung,,Chemung,,Chemung,36015
Chemung,,Elmira,Elmira Heights,Elmira Heights,36015
Chemung,,Elmira,,Elmira,36015
Chemung,,Erin,,Erin,36015
Chemung,,Horseheads,Horseheads,Horseheads,36015
Chemung,,Horseheads,,Horseheads,36015
Chemung,,Southport,,Southport,36015
Chemung,,Van Etten,Van Etten,Van Etten,36015
Chemung,,Van Etten,,Van Etten,36015
Chemung,,Veteran,Millport,Millport,36015
Chemung,,Veteran,,Veteran,36015
Chemung,,,,,36015
Chenango,,Afton,Afton,Afton,36017
Chenango,,Afton,,Afton,36017
Chenango,,Bainbridge,Bainbridge,Bainbridge,36017
Chenango,,Bainbridge,,Bainbridge,36017
Chenango,,Columbus,,Columbus,36017
Chenango,,Coventry,,Coventry,36017
Chenango,,German,,German,36017
Chenango,,Greene,Greene,Greene,36017
Chenango,,Greene,,Greene,36017
Chenango,,Guilford,,Guilford,36017
Chenango,,Lincklaen,,Lincklaen,36017
Chenango,,Mc Donough,,Mc Donough,36017
Chenango,,New Berlin,New Berlin,New Berlin,36017
Chenango,,New Berlin,,New Berlin,36017
Chenango,,North Norwich,,North Norwich,36017
Chenango,,Norwich,,Norwich,36017
Chenango,,Otselic,,Otselic,36017
Chenango,,Oxford,Oxford,Oxford,36017
Chenango,,Oxford,,Oxford,36017
Chenango,,Pharsalia,,Pharsalia,36017
Chenango,,Pitcher,,Pitcher,36017
Chenango,,Plymouth,,Plymouth,36017
Chenango,,Preston,,Preston,36017
Chenango,,Sherburne,Earlville,Earlville,36017
Chenango,,Sherburne,Sherburne,Sherburne,36017
Chenango,,Sherburne,,Sherburne,36017
Chenango,,Smithville,,Smithville,36017
Chenango,,Smyrna,Smyrna,Smyrna,36017
Chenango,,Smyrna,,Smyrna,36017
Chenango,,,,,36017
Clinton,,Altona,,Altona,36019
Clinton,,Ausable,Keeseville,Keeseville,36019
Clinton,,Ausable,,Ausable,36019
Clinton,,Beekmantown,,Beekmantown,36019
Clinton,,Black Brook,,Black Brook,36019
Clinton,,Champlain,Champlain,Champlain,36019
Clinton,,Champlain,Rouses Point,Rouses Point,36019
Clinton,,Champlain,,Champlain,36019
Clinton,,Chazy,,Chazy,36019
Clinton,,Clinton,,Clinton,36019
Clinton,,Dannemora,Dannemora,Dannemora,36019
Clinton,,Dannemora,,Dannemora,36019
Clinton,,Ellenburg,,Ellenburg,36019
Clinton,,Mooers,,Mooers,36019
Clinton,,Peru,,Peru,36019
Clinton,,Plattsburgh,,Plattsburgh,36019
Clinton,,Saranac,,Saranac,36019
Clinton,,Schuyler Falls,,Schuyler Falls,36019
Clinton,,,,,36019
Columbia,,Ancram,,Ancram,36021
Columbia,,Austerlitz,,Austerlitz,36021
Columbia,,Canaan,,Canaan,36021
Columbia,,Chatham,Chatham,Chatham,36021
Columbia,,Chatham,,Chatham,36021
Columbia,,Claverack,Philmont,Philmont,36021
Columbia,,Claverack,,Claverack,36021
Columbia,,Clermont,,Clermont,36021
Columbia,,Copake,,Copake,36021
Columbia,,Gallatin,,Gallatin,36021
Columbia,,Germantown,,Germantown,36021
Columbia,,Ghent,,Ghent,36021
Columbia,,Greenport,,Greenport,36021
Columbia,,Hillsdale,,Hillsdale,36021
Columbia,,Kinderhook,Kinderhook,Kinderhook,36021
Columbia,,Kinderhook,Valatie,Valatie,36021
Columbia,,Kinderhook,,Kinderhook,36021
Columbia,,Livingston,,Livingston,36021
Columbia,,New Lebanon,,New Lebanon,36021
Columbia,,Stockport,,Stockport,36021
Columbia,,Stuyvesant,,Stuyvesant,36021
Columbia,,Taghkanic,,Taghkanic,36021
Columbia,,,,,36021
Cortland,,Cincinnatus,,Cincinnatus,36023
Cortland,,Cortlandville,Homer,Homer,36023
Cortland,,Cortlandville,Mc Graw,Mc Graw,36023
Cortland,,Cortlandville,,Cortlandville,36023
Cortland,,Cuyler,,Cuyler,36023
Cortland,,Freetown,,Freetown,36023
Cortland,,Harford,,Harford,36023
Cortland,,Homer,,Homer,36023
Cortland,,Lapeer,,Lapeer,36023
Cortland,,Marathon,Marathon,Marathon,36023
Cortland,,Marathon,,Marathon,36023
Cortland,,Preble,,Preble,36023
Cortland,,Scott,,Scott,36023
Cortland,,Solon,,Solon,36023
Cortland,,Taylor,,Taylor,36023
Cortland,,Truxton,,Truxton,36023
Cortland,,Virgil,,Virgil,36023
Cortland,,Willet,,Willet,36023
Cortland,,,,,36023
Delaware,,Andes,,Andes,36025
Delaware,,Bovina,,Bovina,36025
Delaware,,Colchester,,Colchester,36025
Delaware,,Davenport,,Davenport,36025
Delaware,,Delhi,Delhi,Delhi,36025
Delaware,,Delhi,,Delhi,36025
Delaware,,Deposit,,Deposit,36025
Delaware,,Franklin,Franklin,Franklin,36025
Delaware,,Franklin,,Franklin,36025
Delaware,,Hamden,,Hamden,36025
Delaware,,Hancock,Hancock,Hancock,36025
Delaware,,Hancock,,Hancock,36025
Delaware,,Harpersfield,Stamford,Stamford,36025
Delaware,,Harpersfield,,Harpersfield,36025
Delaware,,Kortright,,Kortright,36025
Delaware,,Masonville,,Masonville,36025
Delaware,,Meredith,,Meredith,36025
Delaware,,Middletown,Fleischmanns,Fleischmanns,36025
Delaware,,Middletown,Margaretville,Margaretville,36025
Delaware,,Middletown,,Middletown,36025
Delaware,,Roxbury,,Roxbury,36025
Delaware,,Sidney,Sidney,Sidney,36025
Delaware,,Sidney,,Sidney,36025
Delaware,,Stamford,Hobart,Hobart,36025
Delaware,,Stamford,,Stamford,36025
Delaware,,Tompkins,,Tompkins,36025
Delaware,,Walton,Walton,Walton,36025
Delaware,,Walton,,Walton,36025
Delaware,,,,,36025
Dutchess,,Amenia,,Amenia,36027
Dutchess,,Beekman,,Beekman,36027
Dutchess,,Clinton,,Clinton,36027
Dutchess,,Dover,,Dover,36027
Dutchess,,East Fishkill,,East Fishkill,36027
Dutchess,,Fishkill,Fishkill,Fishkill,36027
Dutchess,,Fishkill,,Fishkill,36027
Dutchess,,Hyde Park,,Hyde Park,36027
Dutchess,,La Grange,,La Grange,36027
Dutchess,,Milan,,Milan,36027
Dutchess,,Northeast,Millerton,Millerton,36027
Dutchess,,Northeast,,Northeast,36027
Dutchess,,Pawling,Pawling,Pawling,36027
Dutchess,,Pawling,,Pawling,36027
Dutchess,,Pine Plains,,Pine Plains,36027
Dutchess,,Pleasant Valley,,Pleasant Valley,36027
Dutchess,,Poughkeepsie,Wappingers Falls,Wappingers Falls,36027
Dutchess,,Poughkeepsie,,Poughkeepsie,36027
Dutchess,,Red Hook,Red Hook,Red Hook,36027
Dutchess,,Red Hook,Tivoli,Tivoli,36027
Dutchess,,Red Hook,,Red Hook,36027
Dutchess,,Stanford,,Stanford,36027
Dutchess,,Wappinger,,Wappinger,36027
Dutchess,,Washington,Millbrook,Millbrook,36027
Dutchess,,Washington,,Washington,36027
Dutchess,,,,,36027
Erie,,Alden,Alden,Alden,36029
Erie,,Alden,,Alden,36029
Erie,,Amherst,Williamsville,Williamsville,36029
Erie,,Amherst,,Amherst,36029
Erie,,Aurora,East Aurora,East Aurora,36029
Erie,,Aurora,,Aurora,36029
Erie,,Boston,,Boston,36029
Erie,,Brant,Farnham,Farnham,36029
Erie,,Brant,,Brant,36029
Erie,,Cheektowaga,Depew,Depew,36029
Erie,,Cheektowaga,Sloan,Sloan,36029
Erie,,Cheektowaga,,Cheektowaga,36029
Erie,,Clarence,,Clarence,36029
Erie,,Colden,,Colden,36029
Erie,,Collins,,Collins,36029
Erie,,Concord,Springville,Springville,36029
Erie,,Concord,,Concord,36029
Erie,,Eden,,Eden,36029
Erie,,Elma,,Elma,36029
Erie,,Evans,Angola,Angola,36029
Erie,,Evans,,Evans,36029
Erie,,Grand Island,,Grand Island,36029
Erie,,Hamburg,Blasdell,Blasdell,36029
Erie,,Hamburg,Hamburg,Hamburg,36029
Erie,,Hamburg,,Hamburg,36029
Erie,,Holland,,Holland,36029
Erie,,Lancaster,Lancaster,Lancaster,36029
Erie,,Lancaster,,Lancaster,36029
Erie,,Marilla,,Marilla,36029
Erie,,Newstead,Akron,Akron,36029
Erie,,Newstead,,Newstead,36029
Erie,,North Collins,North Collins,North Collins,36029
Erie,,North Collins,,North Collins,36029
Erie,,Orchard Park,Orchard Park,Orchard Park,36029
Erie,,Orchard Park,,Orchard Park,36029
Erie,,Sardinia,,Sardinia,36029
Erie,,Tonawanda,Kenmore,Kenmore,36029
Erie,,Tonawanda,,Tonawanda,36029
Erie,,Wales,,Wales,36029
Erie,,West Seneca,,West Seneca,36029
Erie,,,,,36029
Essex,,Chesterfield,,Chesterfield,36031
Essex,,Crown Point,,Crown Point,36031
Essex,,Elizabethtown,,Elizabethtown,36031
Essex,,Essex,,Essex,36031
Essex,,Jay,,Jay,36031
Essex,,Keene,,Keene,36031
Essex,,Lewis,,Lewis,36031
Essex,,Minerva,,Minerva,36031
Essex,,Moriah,Port Henry,Port Henry,36031
Essex,,Moriah,,Moriah,36031
Essex,,Newcomb,,Newcomb,36031
Essex,,North Elba,Lake Placid,Lake Placid,36031
Essex,,North Elba,Saranac Lake,Saranac Lake,36031
Essex,,North Elba,,North Elba,36031
Essex,,North Hudson,,North Hudson,36031
Essex,,Schroon,,Schroon,36031
Essex,,St. Armand,,St. Armand,36031
Essex,,Ticonderoga,,Ticonderoga,36031
Essex,,Westport,,Westport,36031
Essex,,Willsboro,,Willsboro,36031
Essex,,Wilmington,,Wilmington,36031
Essex,,,,,36031
Franklin,,Bangor,,Bangor,36033
Franklin,,Bellmont,,Bellmont,36033
Franklin,,Bombay,,Bombay,36033
Franklin,,Brandon,,Brandon,36033
Franklin,,Brighton,,Brighton,36033
Franklin,,Burke,Burke,Burke,36033
Franklin,,Burke,,Burke,36033
Franklin,,Chateaugay,Chateaugay,Chateaugay,36033
Franklin,,Chateaugay,,Chateaugay,36033
Franklin,,Constable,,Constable,36033
Franklin,,Dickinson,,Dickinson,36033
Franklin,,Duane,,Duane,36033
Franklin,,Fort Covington,,Fort Covington,36033
Franklin,,Franklin,,Franklin,36033
Franklin,,Harrietstown,,Harrietstown,36033
Franklin,,Malone,Malone,Malone,36033
Franklin,,Malone,,Malone,36033
Franklin,,Moira,Brushton,Brushton,36033
Franklin,,Moira,,Moira,36033
Franklin,,Santa Clara,,Santa Clara,36033
Franklin,,Tupper Lake,Tupper Lake,Tupper Lake,36033
Franklin,,Tupper Lake,,Tupper Lake,36033
Franklin,,Waverly,,Waverly,36033
Franklin,,Westville,,Westville,36033
Franklin,,,,,36033
Fulton,,Bleecker,,Bleecker,36035
Fulton,,Broadalbin,Broadalbin,Broadalbin,36035
Fulton,,Broadalbin,,Broadalbin,36035
Fulton,,Caroga,,Caroga,36035
Fulton,,Ephratah,,Ephratah,36035
Fulton,,Johnstown,,Johnstown,36035
Fulton,,Mayfield,Mayfield,Mayfield,36035
Fulton,,Mayfield,,Mayfield,36035
Fulton,,Northampton,Northville,Northville,36035
Fulton,,Northampton,,Northampton,36035
Fulton,,Oppenheim,Dolgeville,Dolgeville,36035
Fulton,,Oppenheim,,Oppenheim,36035
Fulton,,Perth,,Perth,36035
Fulton,,Stratford,,Stratford,36035
Fulton,,,,,36035
Genesee,,Alabama,,Alabama,36037
Genesee,,Alexander,Alexander,Alexander,36037
Genesee,,Alexander,Attica,Attica,36037
Genesee,,Alexander,,Alexander,36037
Genesee,,Batavia,,Batavia,36037
Genesee,,Bergen,Bergen,Bergen,36037
Genesee,,Bergen,,Bergen,36037
Genesee,,Bethany,,Bethany,36037
Genesee,,Byron,,Byron,36037
Genesee,,Darien,,Darien,36037
Genesee,,Elba,Elba,Elba,36037
Genesee,,Elba,,Elba,36037
Genesee,,Le Roy,Le Roy,Le Roy,36037
Genesee,,Le Roy,,Le Roy,36037
Genesee,,Oakfield,Oakfield,Oakfield,36037
Genesee,,Oakfield,,Oakfield,36037
Genesee,,Pavilion,,Pavilion,36037
Genesee,,Pembroke,Corfu,Corfu,36037
Genesee,,Pembroke,,Pembroke,36037
Genesee,,Stafford,,Stafford,36037
Genesee,,,,,36037
Greene,,Ashland,,Ashland,36039
Greene,,Athens,Athens,Athens,36039
Greene,,Athens,,Athens,36039
Greene,,Cairo,,Cairo,36039
Greene,,Catskill,Catskill,Catskill,36039
Greene,,Catskill,,Catskill,36039
Greene,,Coxsackie,Coxsackie,Coxsackie,36039
Greene,,Coxsackie,,Coxsackie,36039
Greene,,Durham,,Durham,36039
Greene,,Greenville,,Greenville,36039
Greene,,Halcott,,Halcott,36039
Greene,,Hunter,Hunter,Hunter,36039
Greene,,Hunter,Tannersville,Tannersville,36039
Greene,,Hunter,,Hunter,36039
Greene,,Jewett,,Jewett,36039
Greene,,Lexington,,Lexington,36039
Greene,,New Baltimore,,New Baltimore,36039
Greene,,Prattsville,,Prattsville,36039
Greene,,Windham,,Windham,36039
Greene,,,,,36039
Hamilton,,Arietta,,Arietta,36041
Hamilton,,Benson,,Benson,36041
Hamilton,,Hope,,Hope,36041
Hamilton,,Indian Lake,,Indian Lake,36041
Hamilton,,Inlet,,Inlet,36041
Hamilton,,Lake Pleasant,Speculator,Speculator,36041
Hamilton,,Lake Pleasant,,Lake Pleasant,36041
Hamilton,,Long Lake,,Long Lake,36041
Hamilton,,Morehouse,,Morehouse,36041
Hamilton,,Wells,,Wells,36041
Hamilton,,,,,36041
Herkimer,,Columbia,,Columbia,36043
Herkimer,,Danube,,Danube,36043
Herkimer,,Fairfield,Middleville,Middleville,36043
Herkimer,,Fairfield,,Fairfield,36043
Herkimer,,Frankfort,Frankfort,Frankfort,36043
Herkimer,,Frankfort,,Frankfort,36043
Herkimer,,German Flatts,Ilion,Ilion,36043
Herkimer,,German Flatts,Mohawk,Mohawk,36043
Herkimer,,German Flatts,,German Flatts,36043
Herkimer,,Herkimer,Herkimer,Herkimer,36043
Herkimer,,Herkimer,,Herkimer,36043
Herkimer,,Litchfield,,Litchfield,36043
Herkimer,,Little Falls,,Little Falls,36043
Herkimer,,Manheim,,Manheim,36043
Herkimer,,Newport,Newport,Newport,36043
Herkimer,,Newport,Poland,Poland,36043
Herkimer,,Newport,,Newport,36043
Herkimer,,Norway,,Norway,36043
Herkimer,,Ohio,,Ohio,36043
Herkimer,,Russia,Cold Brook,Cold Brook,36043
Herkimer,,Russia,,Russia,36043
Herkimer,,Salisbury,,Salisbury,36043
Herkimer,,Schuyler,,Schuyler,36043
Herkimer,,Stark,,Stark,36043
Herkimer,,Warren,,Warren,36043
Herkimer,,Webb,,Webb,36043
Herkimer,,Winfield,West Winfield,West Winfield,36043
Herkimer,,Winfield,,Winfield,36043
Herkimer,,,,,36043
Jefferson,,Adams,Adams,Adams,36045
Jefferson,,Adams,,Adams,36045
Jefferson,,Alexandria,Alexandria Bay,Alexandria Bay,36045
Jefferson,,Alexandria,,Alexandria,36045
Jefferson,,Antwerp,Antwerp,Antwerp,36045
Jefferson,,Antwerp,,Antwerp,36045
Jefferson,,Brownville,Brownville,Brownville,36045
Jefferson,,Brownville,Dexter,Dexter,36045
Jefferson,,Brownville,Glen Park,Glen Park,36045
Jefferson,,Brownville,,Brownville,36045
Jefferson,,Cape Vincent,Cape Vincent,Cape Vincent,36045
Jefferson,,Cape Vincent,,Cape Vincent,36045
Jefferson,,Champion,West Carthage,West Carthage,36045
Jefferson,,Champion,,Champion,36045
Jefferson,,Clayton,Clayton,Clayton,36045
Jefferson,,Clayton,,Clayton,36045
Jefferson,,Ellisburg,Ellisburg,Ellisburg,36045
Jefferson,,Ellisburg,Mannsville,Mannsville,36045
Jefferson,,Ellisburg,,Ellisburg,36045
Jefferson,,Henderson,,Henderson,36045
Jefferson,,Hounsfield,Sackets Harbor,Sackets Harbor,36045
Jefferson,,Hounsfield,,Hounsfield,36045
Jefferson,,Le Ray,Black River,Black River,36045
Jefferson,,Le Ray,Evans Mills,Evans Mills,36045
Jefferson,,Le Ray,,Le Ray,36045
Jefferson,,Lorraine,,Lorraine,36045
Jefferson,,Lyme,Chaumont,Chaumont,36045
Jefferson,,Lyme,,Lyme,36045
Jefferson,,Orleans,,Orleans,36045
Jefferson,,Pamelia,,Pamelia,36045
Jefferson,,Philadelphia,Philadelphia,Philadelphia,36045
Jefferson,,Philadelphia,,Philadelphia,36045
Jefferson,,Rodman,,Rodman,36045
Jefferson,,Rutland,,Rutland,36045
Jefferson,,Theresa,Theresa,Theresa,36045
Jefferson,,Theresa,,Theresa,36045
Jefferson,,Watertown,,Watertown,36045
Jefferson,,Wilna,Carthage,Carthage,36045
Jefferson,,Wilna,Deferiet,Deferiet,36045
Jefferson,,Wilna,Herrings,Herrings,36045
Jefferson,,Wilna,,Wilna,36045
Jefferson,,Worth,,Worth,36045
Jefferson,,,,,36045
Lewis,,Croghan,Croghan,Croghan,36049
Lewis,,Croghan,,Croghan,36049
Lewis,,Denmark,Castorland,Castorland,36049
Lewis,,Denmark,Copenhagen,Copenhagen,36049
Lewis,,Denmark,,Denmark,36049
Lewis,,Diana,Harrisville,Harrisville,36049
Lewis,,Diana,,Diana,36049
Lewis,,Greig,,Greig,36049
Lewis,,Harrisburg,,Harrisburg,36049
Lewis,,Lewis,,Lewis,36049
Lewis,,Leyden,Port Leyden,Port Leyden,36049
Lewis,,Leyden,,Leyden,36049
Lewis,,Lowville,Lowville,Lowville,36049
Lewis,,Lowville,,Lowville,36049
Lewis,,Lyonsdale,Lyons Falls,Lyons Falls,36049
Lewis,,Lyonsdale,,Lyonsdale,36049
Wayne,,Sodus,,Sodus,36117
Lewis,,Martinsburg,,Martinsburg,36049
Lewis,,Montague,,Montague,36049
Lewis,,New Bremen,,New Bremen,36049
Lewis,,Osceola,,Osceola,36049
Lewis,,Pinckney,,Pinckney,36049
Lewis,,Turin,Turin,Turin,36049
Lewis,,Watson,,Watson,36049
Lewis,,West Turin,Constableville,Constableville,36049
Lewis,,West Turin,,West Turin,36049
Lewis,,,,,36049
Livingston,,Avon,Avon,Avon,36051
Livingston,,Avon,,Avon,36051
Livingston,,Caledonia,Caledonia,Caledonia,36051
Livingston,,Caledonia,,Caledonia,36051
Livingston,,Conesus,,Conesus,36051
Livingston,,Geneseo,Geneseo,Geneseo,36051
Livingston,,Geneseo,,Geneseo,36051
Livingston,,Groveland,,Groveland,36051
Livingston,,Leicester,Leicester,Leicester,36051
Livingston,,Leicester,,Leicester,36051
Livingston,,Lima,Lima,Lima,36051
Livingston,,Lima,,Lima,36051
Livingston,,Livonia,Livonia,Livonia,36051
Livingston,,Livonia,,Livonia,36051
Livingston,,Mount Morris,Mount Morris,Mount Morris,36051
Livingston,,Mount Morris,,Mount Morris,36051
Livingston,,North Dansville,Dansville,Dansville,36051
Livingston,,North Dansville,,North Dansville,36051
Livingston,,Nunda,Nunda,Nunda,36051
Livingston,,Nunda,,Nunda,36051
Livingston,,Ossian,,Ossian,36051
Livingston,,Portage,,Portage,36051
Livingston,,Sparta,,Sparta,36051
Livingston,,Springwater,,Springwater,36051
Livingston,,West Sparta,,West Sparta,36051
Livingston,,York,,York,36051
Livingston,,,,,36051
Madison,,Brookfield,,Brookfield,36053
Madison,,Cazenovia,Cazenovia,Cazenovia,36053
Madison,,Cazenovia,,Cazenovia,36053
Madison,,De Ruyter,De Ruyter,De Ruyter,36053
Madison,,De Ruyter,,De Ruyter,36053
Madison,,Eaton,Morrisville,Morrisville,36053
Madison,,Eaton,,Eaton,36053
Madison,,Fenner,,Fenner,36053
Madison,,Georgetown,,Georgetown,36053
Madison,,Hamilton,Hamilton,Hamilton,36053
Madison,,Hamilton,,Hamilton,36053
Madison,,Lebanon,,Lebanon,36053
Madison,,Lenox,Canastota,Canastota,36053
Madison,,Lenox,Wampsville,Wampsville,36053
Madison,,Lenox,,Lenox,36053
Madison,,Lincoln,,Lincoln,36053
Madison,,Madison,Madison,Madison,36053
Madison,,Madison,,Madison,36053
Madison,,Nelson,,Nelson,36053
Madison,,Smithfield,,Smithfield,36053
Madison,,Stockbridge,Munnsville,Munnsville,36053
Madison,,Stockbridge,,Stockbridge,36053
Madison,,Sullivan,Chittenango,Chittenango,36053
Madison,,Sullivan,,Sullivan,36053
Madison,,,,,36053
Monroe,,Brighton,,Brighton,36055
Monroe,,Chili,,Chili,36055
Monroe,,Clarkson,,Clarkson,36055
Monroe,,East Rochester,East Rochester,East Rochester,36055
Monroe,,East Rochester,,East Rochester,36055
Monroe,,Gates,,Gates,36055
Monroe,,Greece,,Greece,36055
Monroe,,Hamlin,,Hamlin,36055
Monroe,,Henrietta,,Henrietta,36055
Monroe,,Irondequoit,,Irondequoit,36055
Monroe,,Mendon,Honeoye Falls,Honeoye Falls,36055
Monroe,,Mendon,,Mendon,36055
Monroe,,Ogden,Spencerport,Spencerport,36055
Monroe,,Ogden,,Ogden,36055
Monroe,,Parma,Hilton,Hilton,36055
Monroe,,Parma,,Parma,36055
Monroe,,Penfield,,Penfield,36055
Monroe,,Perinton,Fairport,Fairport,36055
Monroe,,Perinton,,Perinton,36055
Monroe,,Pittsford,Pittsford,Pittsford,36055
Monroe,,Pittsford,,Pittsford,36055
Monroe,,Riga,Churchville,Churchville,36055
Monroe,,Riga,,Riga,36055
Monroe,,Rush,,Rush,36055
Monroe,,Sweden,Brockport,Brockport,36055
Monroe,,Sweden,,Sweden,36055
Monroe,,Webster,Webster,Webster,36055
Monroe,,Webster,,Webster,36055
Monroe,,Wheatland,Scottsville,Scottsville,36055
Monroe,,Wheatland,,Wheatland,36055
Monroe,,,,,36055
Montgomery,,Amsterdam,Fort Johnson,Fort Johnson,36057
Montgomery,,Amsterdam,Hagaman,Hagaman,36057
Montgomery,,Amsterdam,,Amsterdam,36057
Montgomery,,Canajoharie,Ames,Ames,36057
Montgomery,,Canajoharie,Canajoharie,Canajoharie,36057
Montgomery,,Canajoharie,Fort Plain,Fort Plain,36057
Oneida,,Remsen,Remsen,Remsen,36065
Montgomery,,Canajoharie,,Canajoharie,36057
Montgomery,,Charleston,,Charleston,36057
Montgomery,,Florida,,Florida,36057
Montgomery,,Glen,Fultonville,Fultonville,36057
Montgomery,,Glen,,Glen,36057
Montgomery,,Minden,,Minden,36057
Montgomery,,Mohawk,Fonda,Fonda,36057
Montgomery,,Mohawk,,Mohawk,36057
Montgomery,,Palatine,Nelliston,Nelliston,36057
Montgomery,,Palatine,Palatine Bridge,Palatine Bridge,36057
Montgomery,,Palatine,,Palatine,36057
Montgomery,,Root,,Root,36057
Montgomery,,St Johnsville,St Johnsville,St Johnsville,36057
Montgomery,,St Johnsville,,St Johnsville,36057
Montgomery,,,,,36057
Nassau,,Hempstead,Atlantic Beach,Atlantic Beach,36059
Nassau,,Hempstead,Bellerose,Bellerose,36059
Nassau,,Hempstead,Cedarhurst,Cedarhurst,36059
Nassau,,Hempstead,East Rockaway,East Rockaway,36059
Nassau,,Hempstead,Floral Park,Floral Park,36059
Nassau,,Hempstead,Freeport,Freeport,36059
Nassau,,Hempstead,Garden City,Garden City,36059
Nassau,,Hempstead,Hempstead,Hempstead,36059
Nassau,,Hempstead,Hewlett Bay Park,Hewlett Bay Park,36059
Nassau,,Hempstead,Hewlett Harbor,Hewlett Harbor,36059
Nassau,,Hempstead,Hewlett Neck,Hewlett Neck,36059
Nassau,,Hempstead,Island Park,Island Park,36059
Nassau,,Hempstead,Lawrence,Lawrence,36059
Nassau,,Hempstead,Lynbrook,Lynbrook,36059
Nassau,,Hempstead,Malverne,Malverne,36059
Nassau,,Hempstead,Mineola,Mineola,36059
Nassau,,Hempstead,New Hyde Park,New Hyde Park,36059
Nassau,,Hempstead,Rockville Centre,Rockville Centre,36059
Nassau,,Hempstead,South Floral Park,South Floral Park,36059
Nassau,,Hempstead,Stewart Manor,Stewart Manor,36059
Nassau,,Hempstead,Valley Stream,Valley Stream,36059
Nassau,,Hempstead,Woodsburgh,Woodsburgh,36059
Nassau,,Hempstead,,Hempstead,36059
Nassau,,North Hempstead,Baxter Estates,Baxter Estates,36059
Nassau,,North Hempstead,East Hills,East Hills,36059
Nassau,,North Hempstead,East Williston,East Williston,36059
Nassau,,North Hempstead,Flower Hill,Flower Hill,36059
Nassau,,North Hempstead,Great Neck,Great Neck,36059
Nassau,,North Hempstead,Great Neck Estates,Great Neck Estates,36059
Nassau,,North Hempstead,Great Neck Plaza,Great Neck Plaza,36059
Nassau,,North Hempstead,Kensington,Kensington,36059
Nassau,,North Hempstead,Kings Point,Kings Point,36059
Nassau,,North Hempstead,Lake Success,Lake Success,36059
Nassau,,North Hempstead,Manor Haven,Manor Haven,36059
Nassau,,North Hempstead,Munsey Park,Munsey Park,36059
Nassau,,North Hempstead,North Hills,North Hills,36059
Nassau,,North Hempstead,Old Westbury,Old Westbury,36059
Nassau,,North Hempstead,Plandome,Plandome,36059
Nassau,,North Hempstead,Plandome Heights,Plandome Heights,36059
Nassau,,North Hempstead,Plandome Manor,Plandome Manor,36059
Nassau,,North Hempstead,Port Washington North,Port Washington North,36059
Nassau,,North Hempstead,Roslyn,Roslyn,36059
Nassau,,North Hempstead,Roslyn Estates,Roslyn Estates,36059
Nassau,,North Hempstead,Roslyn Harbor,Roslyn Harbor,36059
Nassau,,North Hempstead,Russell Gardens,Russell Gardens,36059
Nassau,,North Hempstead,Saddle Rock,Saddle Rock,36059
Nassau,,North Hempstead,Sands Point,Sands Point,36059
Nassau,,North Hempstead,Thomaston,Thomaston,36059
Nassau,,North Hempstead,Westbury,Westbury,36059
Nassau,,North Hempstead,Williston Park,Williston Park,36059
Nassau,,North Hempstead,,North Hempstead,36059
Nassau,,Oyster Bay,Bayville,Bayville,36059
Nassau,,Oyster Bay,Brookville,Brookville,36059
Nassau,,Oyster Bay,Centre Island,Centre Island,36059
Nassau,,Oyster Bay,Cove Neck,Cove Neck,36059
Nassau,,Oyster Bay,Farmingdale,Farmingdale,36059
Nassau,,Oyster Bay,Lattingtown,Lattingtown,36059
Nassau,,Oyster Bay,Laurel Hollow,Laurel Hollow,36059
Nassau,,Oyster Bay,Massapequa Park,Massapequa Park,36059
Nassau,,Oyster Bay,Matinecock,Matinecock,36059
Nassau,,Oyster Bay,Mill Neck,Mill Neck,36059
Nassau,,Oyster Bay,Muttontown,Muttontown,36059
Nassau,,Oyster Bay,Old Brookville,Old Brookville,36059
Nassau,,Oyster Bay,Oyster Bay Cove,Oyster Bay Cove,36059
Nassau,,Oyster Bay,Sea Cliff,Sea Cliff,36059
Nassau,,Oyster Bay,Upper Brookville,Upper Brookville,36059
Nassau,,Oyster Bay,,Oyster Bay,36059
Nassau,,,,,36059
Niagara,,Cambria,,Cambria,36063
Niagara,,Hartland,Middleport,Middleport,36063
Niagara,,Hartland,,Hartland,36063
Niagara,,Lewiston,Lewiston,Lewiston,36063
Niagara,,Lewiston,,Lewiston,36063
Niagara,,Lockport,,Lockport,36063
Niagara,,Newfane,,Newfane,36063
Niagara,,Niagara,,Niagara,36063
Niagara,,Pendleton,,Pendleton,36063
Niagara,,Porter,Youngstown,Youngstown,36063
Niagara,,Porter,,Porter,36063
Niagara,,Royalton,,Royalton,36063
Niagara,,Somerset,Barker,Barker,36063
Niagara,,Somerset,,Somerset,36063
Niagara,,Wheatfield,,Wheatfield,36063
Niagara,,Wilson,Wilson,Wilson,36063
Niagara,,Wilson,,Wilson,36063
Niagara,,,,,36063
Oneida,,Annsville,,Annsville,36065
Oneida,,Augusta,Oriskany Falls,Oriskany Falls,36065
Oneida,,Augusta,,Augusta,36065
Oneida,,Ava,,Ava,36065
Oneida,,Boonville,Boonville,Boonville,36065
Oneida,,Boonville,,Boonville,36065
Oneida,,Bridgewater,Bridgewater,Bridgewater,36065
Oneida,,Bridgewater,,Bridgewater,36065
Oneida,,Camden,Camden,Camden,36065
Oneida,,Camden,,Camden,36065
Oneida,,Deerfield,,Deerfield,36065
Oneida,,Florence,,Florence,36065
Oneida,,Floyd,,Floyd,36065
Oneida,,Forestport,,Forestport,36065
Oneida,,Kirkland,Clinton,Clinton,36065
Oneida,,Kirkland,,Kirkland,36065
Oneida,,Lee,,Lee,36065
Oneida,,Marcy,,Marcy,36065
Oneida,,Marshall,Waterville,Waterville,36065
Oneida,,Marshall,,Marshall,36065
Oneida,,New Hartford,New Hartford,New Hartford,36065
Oneida,,New Hartford,New York Mills,New York Mills,36065
Oneida,,New Hartford,,New Hartford,36065
Oneida,,Paris,Clayville,Clayville,36065
Oneida,,Paris,,Paris,36065
Oneida,,Remsen,,Remsen,36065
Oneida,,Sangerfield,,Sangerfield,36065
Oneida,,Steuben,,Steuben,36065
Oneida,,Trenton,Barneveld,Barneveld,36065
Oneida,,Trenton,Holland Patent,Holland Patent,36065
Oneida,,Trenton,Prospect,Prospect,36065
Oneida,,Trenton,,Trenton,36065
Oneida,,Vernon,Oneida Castle,Oneida Castle,36065
Oneida,,Vernon,Vernon,Vernon,36065
Oneida,,Vernon,,Vernon,36065
Oneida,,Verona,,Verona,36065
Oneida,,Vienna,Sylvan Beach,Sylvan Beach,36065
Oneida,,Vienna,,Vienna,36065
Oneida,,Western,,Western,36065
Oneida,,Westmoreland,,Westmoreland,36065
Oneida,,Whitestown,Oriskany,Oriskany,36065
Oneida,,Whitestown,Whitesboro,Whitesboro,36065
Oneida,,Whitestown,Yorkville,Yorkville,36065
Oneida,,Whitestown,,Whitestown,36065
Oneida,,,,,36065
Onondaga,,Camillus,Camillus,Camillus,36067
Onondaga,,Camillus,,Camillus,36067
Onondaga,,Cicero,North Syracuse,North Syracuse,36067
Onondaga,,Cicero,,Cicero,36067
Onondaga,,Clay,,Clay,36067
Onondaga,,Dewitt,East Syracuse,East Syracuse,36067
Onondaga,,Dewitt,,Dewitt,36067
Onondaga,,Elbridge,Elbridge,Elbridge,36067
Onondaga,,Elbridge,Jordan,Jordan,36067
Onondaga,,Elbridge,,Elbridge,36067
Onondaga,,Fabius,Fabius,Fabius,36067
Onondaga,,Fabius,,Fabius,36067
Onondaga,,Geddes,Solvay,Solvay,36067
Onondaga,,Geddes,,Geddes,36067
Onondaga,,LaFayette,,LaFayette,36067
Onondaga,,Lysander,Baldwinsville,Baldwinsville,36067
Onondaga,,Lysander,,Lysander,36067
Onondaga,,Manlius,Fayetteville,Fayetteville,36067
Onondaga,,Manlius,Manlius,Manlius,36067
Onondaga,,Manlius,Minoa,Minoa,36067
Onondaga,,Manlius,,Manlius,36067
Onondaga,,Marcellus,Marcellus,Marcellus,36067
Onondaga,,Marcellus,,Marcellus,36067
Onondaga,,Onondaga,,Onondaga,36067
Onondaga,,Otisco,,Otisco,36067
Onondaga,,Pompey,,Pompey,36067
Onondaga,,Salina,Liverpool,Liverpool,36067
Onondaga,,Salina,,Salina,36067
Onondaga,,Skaneateles,Skaneateles,Skaneateles,36067
Onondaga,,Skaneateles,,Skaneateles,36067
Onondaga,,Spafford,,Spafford,36067
Onondaga,,Tully,Tully,Tully,36067
Onondaga,,Tully,,Tully,36067
Onondaga,,Van Buren,,Van Buren,36067
Onondaga,,,,,36067
Ontario,,Bristol,,Bristol,36069
Ontario,,Canadice,,Canadice,36069
Ontario,,Canandaigua,,Canandaigua,36069
Ontario,,East Bloomfield,Bloomfield,Bloomfield,36069
Ontario,,East Bloomfield,,East Bloomfield,36069
Ontario,,Farmington,,Farmington,36069
Ontario,,Geneva,,Geneva,36069
Ontario,,Gorham,Rushville,Rushville,36069
Ontario,,Gorham,,Gorham,36069
Ontario,,Hopewell,,Hopewell,36069
Ontario,,Manchester,Clifton Springs,Clifton Springs,36069
Ontario,,Manchester,Manchester,Manchester,36069
Ontario,,Manchester,Shortsville,Shortsville,36069
Ontario,,Manchester,,Manchester,36069
Ontario,,Naples,Naples,Naples,36069
Ontario,,Naples,,Naples,36069
Ontario,,Phelps,Phelps,Phelps,36069
Ontario,,Phelps,,Phelps,36069
Ontario,,Richmond,,Richmond,36069
Ontario,,Seneca,,Seneca,36069
Ontario,,South Bristol,,South Bristol,36069
Ontario,,Victor,Victor,Victor,36069
Ontario,,Victor,,Victor,36069
Ontario,,West Bloomfield,,West Bloomfield,36069
Ontario,,,,,36069
Orange,,Blooming Grove,South Blooming Grove,South Blooming Grove,36071
Orange,,Blooming Grove,Washingtonville,Washingtonville,36071
Orange,,Blooming Grove,,Blooming Grove,36071
Orange,,Chester,Chester,Chester,36071
Orange,,Chester,,Chester,36071
Orange,,Cornwall,Cornwall-on-Hudson,Cornwall-on-Hudson,36071
Orange,,Cornwall,,Cornwall,36071
Orange,,Crawford,,Crawford,36071
Orange,,Deerpark,,Deerpark,36071
Orange,,Goshen,Goshen,Goshen,36071
Orange,,Goshen,,Goshen,36071
Orange,,Greenville,,Greenville,36071
Orange,,Hamptonburgh,Maybrook,Maybrook,36071
Orange,,Hamptonburgh,,Hamptonburgh,36071
Orange,,Highlands,Highland Falls,Highland Falls,36071
Orange,,Highlands,,Highlands,36071
Orange,,Minisink,Unionville,Unionville,36071
Orange,,Minisink,,Minisink,36071
Orange,,Monroe,Harriman,Harriman,36071
Orange,,Monroe,Kiryas Joel,Kiryas Joel,36071
Orange,,Monroe,Monroe,Monroe,36071
Orange,,Monroe,,Monroe,36071
Orange,,Montgomery,Montgomery,Montgomery,36071
Orange,,Montgomery,Walden,Walden,36071
Orange,,Montgomery,,Montgomery,36071
Orange,,Mount Hope,Otisville,Otisville,36071
Orange,,Mount Hope,,Mount Hope,36071
Orange,,Newburgh,,Newburgh,36071
Orange,,New Windsor,,New Windsor,36071
Orange,,Tuxedo,Tuxedo Park,Tuxedo Park,36071
Orange,,Tuxedo,,Tuxedo,36071
Orange,,Wallkill,,Wallkill,36071
Orange,,Warwick,Florida,Florida,36071
Orange,,Warwick,Greenwood Lake,Greenwood Lake,36071
Orange,,Warwick,Warwick,Warwick,36071
Orange,,Warwick,,Warwick,36071
Orange,,Wawayanda,,Wawayanda,36071
Orange,,Woodbury,Woodbury,Woodbury,36071
Orange,,Woodbury,,Woodbury,36071
Orange,,,,,36071
Orleans,,Albion,Albion,Albion,36073
Orleans,,Albion,,Albion,36073
Orleans,,Barre,,Barre,36073
Orleans,,Carlton,,Carlton,36073
Orleans,,Clarendon,,Clarendon,36073
Orleans,,Gaines,,Gaines,36073
Orleans,,Kendall,,Kendall,36073
Orleans,,Murray,Holley,Holley,36073
Orleans,,Murray,,Murray,36073
Orleans,,Ridgeway,Medina,Medina,36073
Orleans,,Ridgeway,,Ridgeway,36073
Orleans,,Shelby,,Shelby,36073
Orleans,,Yates,Lyndonville,Lyndonville,36073
Orleans,,Yates,,Yates,36073
Orleans,,,,,36073
Oswego,,Albion,,Albion,36075
Oswego,,Amboy,,Amboy,36075
Oswego,,Boylston,,Boylston,36075
Oswego,,Constantia,Cleveland,Cleveland,36075
Oswego,,Constantia,,Constantia,36075
Oswego,,Granby,,Granby,36075
Oswego,,Hannibal,Hannibal,Hannibal,36075
Oswego,,Hannibal,,Hannibal,36075
Oswego,,Hastings,Central Square,Central Square,36075
Oswego,,Hastings,,Hastings,36075
Oswego,,Mexico,Mexico,Mexico,36075
Oswego,,Mexico,,Mexico,36075
Oswego,,Minetto,,Minetto,36075
Oswego,,New Haven,,New Haven,36075
Oswego,,Orwell,,Orwell,36075
Oswego,,Oswego,,Oswego,36075
Oswego,,Palermo,,Palermo,36075
Oswego,,Parish,Parish,Parish,36075
Oswego,,Parish,,Parish,36075
Oswego,,Redfield,,Redfield,36075
Oswego,,Richland,Pulaski,Pulaski,36075
Oswego,,Richland,,Richland,36075
Oswego,,Sandy Creek,Lacona,Lacona,36075
Oswego,,Sandy Creek,Sandy Creek,Sandy Creek,36075
Oswego,,Sandy Creek,,Sandy Creek,36075
Oswego,,Schroeppel,Phoenix,Phoenix,36075
Oswego,,Schroeppel,,Schroeppel,36075
Oswego,,Scriba,,Scriba,36075
Oswego,,Volney,,Volney,36075
Oswego,,West Monroe,,West Monroe,36075
Oswego,,Williamstown,,Williamstown,36075
Oswego,,,,,36075
Otsego,,Burlington,,Burlington,36077
Otsego,,Butternuts,Gilbertsville,Gilbertsville,36077
Otsego,,Butternuts,,Butternuts,36077
Otsego,,Cherry Valley,Cherry Valley,Cherry Valley,36077
Otsego,,Cherry Valley,,Cherry Valley,36077
Otsego,,Decatur,,Decatur,36077
Otsego,,Edmeston,,Edmeston,36077
Otsego,,Exeter,,Exeter,36077
Otsego,,Hartwick,,Hartwick,36077
Otsego,,Laurens,Laurens,Laurens,36077
Otsego,,Laurens,,Laurens,36077
Otsego,,Maryland,,Maryland,36077
Otsego,,Middlefield,Cooperstown,Cooperstown,36077
Otsego,,Middlefield,,Middlefield,36077
Otsego,,Milford,Milford,Milford,36077
Otsego,,Milford,,Milford,36077
Otsego,,Morris,Morris,Morris,36077
Otsego,,Morris,,Morris,36077
Otsego,,New Lisbon,,New Lisbon,36077
Otsego,,Oneonta,,Oneonta,36077
Otsego,,Otego,Otego,Otego,36077
Otsego,,Otego,,Otego,36077
Otsego,,Otsego,,Otsego,36077
Otsego,,Pittsfield,,Pittsfield,36077
Otsego,,Plainfield,,Plainfield,36077
Otsego,,Richfield,Richfield Springs,Richfield Springs,36077
Otsego,,Richfield,,Richfield,36077
Otsego,,Roseboom,,Roseboom,36077
Otsego,,Springfield,,Springfield,36077
Otsego,,Unadilla,Unadilla,Unadilla,36077
Otsego,,Unadilla,,Unadilla,36077
Otsego,,Westford,,Westford,36077
Otsego,,Worcester,,Worcester,36077
Otsego,,,,,36077
Putnam,,Carmel,,Carmel,36079
Putnam,,Kent,,Kent,36079
Putnam,,Patterson,,Patterson,36079
Putnam,,Philipstown,Cold Spring,Cold Spring,36079
Putnam,,Philipstown,Nelsonville,Nelsonville,36079
Putnam,,Philipstown,,Philipstown,36079
Putnam,,Putnam Valley,,Putnam Valley,36079
Putnam,,Southeast,Brewster,Brewster,36079
Putnam,,Southeast,,Southeast,36079
Putnam,,,,,36079
Rensselaer,,Berlin,,Berlin,36083
Rensselaer,,Brunswick,,Brunswick,36083
Rensselaer,,East Greenbush,,East Greenbush,36083
Rensselaer,,Grafton,,Grafton,36083
Rensselaer,,Hoosick,Hoosick Falls,Hoosick Falls,36083
Rensselaer,,Hoosick,,Hoosick,36083
Rensselaer,,Nassau,East Nassau,East Nassau,36083
Rensselaer,,Nassau,Nassau,Nassau,36083
Rensselaer,,Nassau,,Nassau,36083
Rensselaer,,North Greenbush,,North Greenbush,36083
Rensselaer,,Petersburgh,,Petersburgh,36083
Rensselaer,,Pittstown,Valley Falls,Valley Falls,36083
Rensselaer,,Pittstown,,Pittstown,36083
Rensselaer,,Poestenkill,,Poestenkill,36083
Rensselaer,,Sand Lake,,Sand Lake,36083
Rensselaer,,Schaghticoke,Schaghticoke,Schaghticoke,36083
Rensselaer,,Schaghticoke,,Schaghticoke,36083
Rensselaer,,Schodack,Castleton-on-Hudson,Castleton-on-Hudson,36083
Rensselaer,,Schodack,,Schodack,36083
Rensselaer,,Stephentown,,Stephentown,36083
Rensselaer,,,,,36083
Rockland,,Clarkstown,Nyack,Nyack,36087
Rockland,,Clarkstown,Spring Valley,Spring Valley,36087
Rockland,,Clarkstown,Upper Nyack,Upper Nyack,36087
Rockland,,Clarkstown,,Clarkstown,36087
Rockland,,Haverstraw,Haverstraw,Haverstraw,36087
Rockland,,Haverstraw,Pomona,Pomona,36087
Rockland,,Haverstraw,West Haverstraw,West Haverstraw,36087
Rockland,,Haverstraw,,Haverstraw,36087
Rockland,,Orangetown,Grand View-on-Hudson,Grand View-on-Hudson,36087
Rockland,,Orangetown,Piermont,Piermont,36087
Rockland,,Orangetown,South Nyack,South Nyack,36087
Rockland,,Orangetown,,Orangetown,36087
Rockland,,Ramapo,Airmont,Airmont,36087
Rockland,,Ramapo,Chestnut Ridge,Chestnut Ridge,36087
Rockland,,Ramapo,Hillburn,Hillburn,36087
Rockland,,Ramapo,Kaser,Kaser,36087
Rockland,,Ramapo,Montebello,Montebello,36087
Rockland,,Ramapo,New Hempstead,New Hempstead,36087
Rockland,,Ramapo,New Square,New Square,36087
Rockland,,Ramapo,Sloatsburg,Sloatsburg,36087
Rockland,,Ramapo,Suffern,Suffern,36087
Rockland,,Ramapo,Wesley Hills,Wesley Hills,36087
Rockland,,Ramapo,,Ramapo,36087
Rockland,,Stony Point,,Stony Point,36087
Rockland,,,,,36087
Saratoga,,Ballston,Ballston Spa,Ballston Spa,36091
Saratoga,,Ballston,,Ballston,36091
Saratoga,,Charlton,,Charlton,36091
Saratoga,,Clifton Park,,Clifton Park,36091
Saratoga,,Corinth,,Corinth,36091
Saratoga,,Day,,Day,36091
Saratoga,,Edinburg,,Edinburg,36091
Saratoga,,Galway,Galway,Galway,36091
Saratoga,,Galway,,Galway,36091
Saratoga,,Greenfield,,Greenfield,36091
Saratoga,,Hadley,,Hadley,36091
Saratoga,,Halfmoon,,Halfmoon,36091
Saratoga,,Malta,Round Lake,Round Lake,36091
Saratoga,,Malta,,Malta,36091
Saratoga,,Milton,,Milton,36091
Saratoga,,Moreau,South Glens Falls,South Glens Falls,36091
Saratoga,,Moreau,,Moreau,36091
Saratoga,,Northumberland,,Northumberland,36091
Saratoga,,Providence,,Providence,36091
Saratoga,,Saratoga,Schuylerville,Schuylerville,36091
Saratoga,,Saratoga,Victory,Victory,36091
Saratoga,,Saratoga,,Saratoga,36091
Saratoga,,Stillwater,Stillwater,Stillwater,36091
Saratoga,,Stillwater,,Stillwater,36091
Saratoga,,Waterford,Waterford,Waterford,36091
Saratoga,,Waterford,,Waterford,36091
Saratoga,,Wilton,,Wilton,36091
Saratoga,,,,,36091
Schenectady,,Duanesburg,Delanson,Delanson,36093
Schenectady,,Duanesburg,,Duanesburg,36093
Schenectady,,Glenville,Scotia,Scotia,36093
Schenectady,,Glenville,,Glenville,36093
Schenectady,,Niskayuna,,Niskayuna,36093
Schenectady,,Princetown,,Princetown,36093
Schenectady,,Rotterdam,,Rotterdam,36093
Schenectady,,,,,36093
Schoharie,,Blenheim,,Blenheim,36095
Schoharie,,Broome,,Broome,36095
Schoharie,,Carlisle,,Carlisle,36095
Schoharie,,Cobleskill,Cobleskill,Cobleskill,36095
Schoharie,,Cobleskill,,Cobleskill,36095
Schoharie,,Conesville,,Conesville,36095
Schoharie,,Esperance,Esperance,Esperance,36095
Schoharie,,Esperance,,Esperance,36095
Schoharie,,Fulton,,Fulton,36095
Schoharie,,Gilboa,,Gilboa,36095
Schoharie,,Jefferson,,Jefferson,36095
Schoharie,,Middleburgh,Middleburgh,Middleburgh,36095
Schoharie,,Middleburgh,,Middleburgh,36095
Schoharie,,Richmondville,Richmondville,Richmondville,36095
Schoharie,,Richmondville,,Richmondville,36095
Schoharie,,Schoharie,Schoharie,Schoharie,36095
Schoharie,,Schoharie,,Schoharie,36095
Schoharie,,Seward,,Seward,36095
Schoharie,,Sharon,Sharon Springs,Sharon Springs,36095
Schoharie,,Sharon,,Sharon,36095
Schoharie,,Summit,,Summit,36095
Schoharie,,Wright,,Wright,36095
Schoharie,,,,,36095
Schuyler,,Catharine,Odessa,Odessa,36097
Schuyler,,Catharine,,Catharine,36097
Schuyler,,Cayuta,,Cayuta,36097
Schuyler,,Dix,Montour Falls,Montour Falls,36097
Schuyler,,Dix,Watkins Glen,Watkins Glen,36097
Schuyler,,Dix,,Dix,36097
Schuyler,,Hector,Burdett,Burdett,36097
Schuyler,,Hector,,Hector,36097
Schuyler,,Montour,,Montour,36097
Schuyler,,Orange,,Orange,36097
Schuyler,,Reading,,Reading,36097
Schuyler,,Tyrone,,Tyrone,36097
Schuyler,,,,,36097
Seneca,,Covert,Interlaken,Interlaken,36099
Seneca,,Covert,,Covert,36099
Seneca,,Fayette,Waterloo,Waterloo,36099
Seneca,,Fayette,,Fayette,36099
Seneca,,Junius,,Junius,36099
Seneca,,Lodi,Lodi,Lodi,36099
Seneca,,Lodi,,Lodi,36099
Seneca,,Ovid,Ovid,Ovid,36099
Seneca,,Ovid,,Ovid,36099
Seneca,,Romulus,,Romulus,36099
Seneca,,Seneca Falls,,Seneca Falls,36099
Seneca,,Tyre,,Tyre,36099
Seneca,,Varick,,Varick,36099
Seneca,,Waterloo,,Waterloo,36099
Seneca,,,,,36099
Steuben,,Addison,Addison,Addison,36101
Steuben,,Addison,,Addison,36101
Steuben,,Avoca,Avoca,Avoca,36101
Steuben,,Avoca,,Avoca,36101
Steuben,,Bath,Bath,Bath,36101
Steuben,,Bath,Savona,Savona,36101
Steuben,,Bath,,Bath,36101
Steuben,,Bradford,,Bradford,36101
Steuben,,Cameron,,Cameron,36101
Steuben,,Campbell,,Campbell,36101
Steuben,,Canisteo,Canisteo,Canisteo,36101
Steuben,,Canisteo,,Canisteo,36101
Steuben,,Caton,,Caton,36101
Steuben,,Cohocton,Cohocton,Cohocton,36101
Steuben,,Cohocton,,Cohocton,36101
Steuben,,Corning,Riverside,Riverside,36101
Steuben,,Corning,South Corning,South Corning,36101
Steuben,,Corning,,Corning,36101
Steuben,,Dansville,,Dansville,36101
Steuben,,Erwin,Painted Post,Painted Post,36101
Steuben,,Erwin,,Erwin,36101
Steuben,,Fremont,,Fremont,36101
Steuben,,Greenwood,,Greenwood,36101
Steuben,,Hartsville,,Hartsville,36101
Steuben,,Hornby,,Hornby,36101
Steuben,,Hornellsville,Arkport,Arkport,36101
Steuben,,Hornellsville,North Hornell,North Hornell,36101
Steuben,,Hornellsville,,Hornellsville,36101
Steuben,,Howard,,Howard,36101
Steuben,,Jasper,,Jasper,36101
Steuben,,Lindley,,Lindley,36101
Steuben,,Prattsburgh,,Prattsburgh,36101
Steuben,,Pulteney,,Pulteney,36101
Steuben,,Rathbone,,Rathbone,36101
Steuben,,Thurston,,Thurston,36101
Steuben,,Troupsburg,,Troupsburg,36101
Steuben,,Tuscarora,,Tuscarora,36101
Steuben,,Urbana,Hammondsport,Hammondsport,36101
Steuben,,Urbana,,Urbana,36101
Steuben,,Wayland,Wayland,Wayland,36101
Steuben,,Wayland,,Wayland,36101
Steuben,,Wayne,,Wayne,36101
Steuben,,West Union,,West Union,36101
Steuben,,Wheeler,,Wheeler,36101
Steuben,,Woodhull,,Woodhull,36101
Steuben,,,,,36101
St Lawrence,,Brasher,,Brasher,36099
St Lawrence,,Canton,Canton,Canton,36099
St Lawrence,,Canton,Rensselaer Falls,Rensselaer Falls,36099
St Lawrence,,Canton,,Canton,36099
St Lawrence,,Clare,,Clare,36099
St Lawrence,,Clifton,,Clifton,36099
St Lawrence,,Colton,,Colton,36099
St Lawrence,,Dekalb,Richville,Richville,36099
St Lawrence,,Dekalb,,Dekalb,36099
St Lawrence,,De Peyster,,De Peyster,36099
St Lawrence,,Edwards,,Edwards,36099
St Lawrence,,Fine,,Fine,36099
St Lawrence,,Fowler,,Fowler,36099
St Lawrence,,Gouverneur,Gouverneur,Gouverneur,36099
St Lawrence,,Gouverneur,,Gouverneur,36099
St Lawrence,,Hammond,Hammond,Hammond,36099
St Lawrence,,Hammond,,Hammond,36099
St Lawrence,,Hermon,Hermon,Hermon,36099
St Lawrence,,Hermon,,Hermon,36099
St Lawrence,,Hopkinton,,Hopkinton,36099
St Lawrence,,Lawrence,,Lawrence,36099
St Lawrence,,Lisbon,,Lisbon,36099
St Lawrence,,Louisville,Massena,Massena,36099
St Lawrence,,Louisville,,Louisville,36099
St Lawrence,,Macomb,,Macomb,36099
St Lawrence,,Madrid,,Madrid,36099
St Lawrence,,Massena,,Massena,36099
St Lawrence,,Morristown,Morristown,Morristown,36099
St Lawrence,,Morristown,,Morristown,36099
St Lawrence,,Norfolk,Norwood,Norwood,36099
St Lawrence,,Norfolk,,Norfolk,36099
St Lawrence,,Oswegatchie,Heuvelton,Heuvelton,36099
St Lawrence,,Oswegatchie,,Oswegatchie,36099
St Lawrence,,Parishville,,Parishville,36099
St Lawrence,,Piercefield,,Piercefield,36099
St Lawrence,,Pierrepont,,Pierrepont,36099
St Lawrence,,Pitcairn,,Pitcairn,36099
St Lawrence,,Potsdam,Potsdam,Potsdam,36099
St Lawrence,,Potsdam,,Potsdam,36099
St Lawrence,,Rossie,,Rossie,36099
St Lawrence,,Russell,,Russell,36099
St Lawrence,,Stockholm,,Stockholm,36099
St Lawrence,,Waddington,Waddington,Waddington,36099
St Lawrence,,Waddington,,Waddington,36099
St Lawrence,,,,,36099
Suffolk,,Babylon,Amityville,Amityville,36103
Suffolk,,Babylon,Babylon,Babylon,36103
Suffolk,,Babylon,Lindenhurst,Lindenhurst,36103
Suffolk,,Babylon,,Babylon,36103
Suffolk,,Brookhaven,Belle Terre,Belle Terre,36103
Suffolk,,Brookhaven,Bellport,Bellport,36103
Suffolk,,Brookhaven,Lake Grove,Lake Grove,36103
Suffolk,,Brookhaven,Mastic Beach,Mastic Beach,36103
Suffolk,,Brookhaven,Old Field,Old Field,36103
Suffolk,,Brookhaven,Patchogue,Patchogue,36103
Suffolk,,Brookhaven,Poquott,Poquott,36103
Suffolk,,Brookhaven,Port Jefferson,Port Jefferson,36103
Suffolk,,Brookhaven,Shoreham,Shoreham,36103
Suffolk,,Brookhaven,,Brookhaven,36103
Suffolk,,East Hampton,East Hampton,East Hampton,36103
Suffolk,,East Hampton,Sag Harbor,Sag Harbor,36103
Suffolk,,East Hampton,,East Hampton,36103
Suffolk,,Huntington,Asharoken,Asharoken,36103
Suffolk,,Huntington,Huntington Bay,Huntington Bay,36103
Suffolk,,Huntington,Lloyd Harbor,Lloyd Harbor,36103
Suffolk,,Huntington,Northport,Northport,36103
Suffolk,,Huntington,,Huntington,36103
Suffolk,,Islip,Brightwaters,Brightwaters,36103
Suffolk,,Islip,Islandia,Islandia,36103
Suffolk,,Islip,Ocean Beach,Ocean Beach,36103
Suffolk,,Islip,Saltaire,Saltaire,36103
Suffolk,,Islip,,Islip,36103
Suffolk,,Riverhead,,Riverhead,36103
Suffolk,,Shelter Island,Dering Harbor,Dering Harbor,36103
Suffolk,,Shelter Island,,Shelter Island,36103
Suffolk,,Smithtown,Head Of The Harbor,Head Of The Harbor,36103
Suffolk,,Smithtown,Nissequogue,Nissequogue,36103
Suffolk,,Smithtown,Village Of The Branch,Village Of The Branch,36103
Suffolk,,Smithtown,,Smithtown,36103
Suffolk,,Southampton,North Haven,North Haven,36103
Suffolk,,Southampton,Quogue,Quogue,36103
Suffolk,,Southampton,Sagaponack,Sagaponack,36103
Suffolk,,Southampton,Southampton,Southampton,36103
Suffolk,,Southampton,Westhampton Beach,Westhampton Beach,36103
Suffolk,,Southampton,West Hampton Dunes,West Hampton Dunes,36103
Suffolk,,Southampton,,Southampton,36103
Suffolk,,Southold,Greenport,Greenport,36103
Suffolk,,Southold,,Southold,36103
Suffolk,,,,,36103
Sullivan,,Bethel,,Bethel,36105
Sullivan,,Callicoon,Jeffersonville,Jeffersonville,36105
Sullivan,,Callicoon,,Callicoon,36105
Sullivan,,Cochecton,,Cochecton,36105
Sullivan,,Delaware,,Delaware,36105
Sullivan,,Fallsburgh,Woodridge,Woodridge,36105
Sullivan,,Fallsburgh,,Fallsburgh,36105
Sullivan,,Forestburgh,,Forestburgh,36105
Sullivan,,Fremont,,Fremont,36105
Sullivan,,Highland,,Highland,36105
Sullivan,,Liberty,Liberty,Liberty,36105
Sullivan,,Liberty,,Liberty,36105
Sullivan,,Lumberland,,Lumberland,36105
Sullivan,,Mamakating,Bloomingburgh,Bloomingburgh,36105
Sullivan,,Mamakating,Wurtsboro,Wurtsboro,36105
Sullivan,,Mamakating,,Mamakating,36105
Sullivan,,Neversink,,Neversink,36105
Sullivan,,Rockland,,Rockland,36105
Sullivan,,Thompson,Monticello,Monticello,36105
Sullivan,,Thompson,,Thompson,36105
Sullivan,,Tusten,,Tusten,36105
Sullivan,,,,,36105
Tioga,,Barton,Waverly,Waverly,36107
Tioga,,Barton,,Barton,36107
Tioga,,Berkshire,,Berkshire,36107
Tioga,,Candor,Candor,Candor,36107
Tioga,,Candor,,Candor,36107
Tioga,,Newark Valley,Newark Valley,Newark Valley,36107
Tioga,,Newark Valley,,Newark Valley,36107
Tioga,,Nichols,Nichols,Nichols,36107
Tioga,,Nichols,,Nichols,36107
Tioga,,Owego,Owego,Owego,36107
Tioga,,Owego,,Owego,36107
Tioga,,Richford,,Richford,36107
Tioga,,Spencer,Spencer,Spencer,36107
Tioga,,Spencer,,Spencer,36107
Tioga,,Tioga,,Tioga,36107
Tioga,,,,,36107
Tompkins,,Caroline,,Caroline,36109
Tompkins,,Danby,,Danby,36109
Tompkins,,Dryden,Dryden,Dryden,36109
Tompkins,,Dryden,Freeville,Freeville,36109
Tompkins,,Dryden,,Dryden,36109
Tompkins,,Enfield,,Enfield,36109
Tompkins,,Groton,Groton,Groton,36109
Tompkins,,Groton,,Groton,36109
Tompkins,,Ithaca,Cayuga Heights,Cayuga Heights,36109
Tompkins,,Ithaca,,Ithaca,36109
Tompkins,,Lansing,Lansing,Lansing,36109
Tompkins,,Lansing,,Lansing,36109
Tompkins,,Newfield,,Newfield,36109
Tompkins,,Ulysses,Trumansburg,Trumansburg,36109
Tompkins,,Ulysses,,Ulysses,36109
Tompkins,,,,,36109
Ulster,,Denning,,Denning,36111
Ulster,,Esopus,,Esopus,36111
Ulster,,Gardiner,,Gardiner,36111
Ulster,,Hardenburgh,,Hardenburgh,36111
Ulster,,Hurley,,Hurley,36111
Ulster,,Kingston,,Kingston,36111
Ulster,,Lloyd,,Lloyd,36111
Ulster,,Marbletown,,Marbletown,36111
Ulster,,Marlborough,,Marlborough,36111
Ulster,,New Paltz,New Paltz,New Paltz,36111
Ulster,,New Paltz,,New Paltz,36111
Ulster,,Olive,,Olive,36111
Ulster,,Plattekill,,Plattekill,36111
Ulster,,Rochester,,Rochester,36111
Ulster,,Rosendale,,Rosendale,36111
Ulster,,Saugerties,Saugerties,Saugerties,36111
Ulster,,Saugerties,,Saugerties,36111
Ulster,,Shandaken,,Shandaken,36111
Ulster,,Shawangunk,,Shawangunk,36111
Ulster,,Ulster,,Ulster,36111
Ulster,,Wawarsing,Ellenville,Ellenville,36111
Ulster,,Wawarsing,,Wawarsing,36111
Ulster,,Woodstock,,Woodstock,36111
Ulster,,,,,36111
Warren,,Bolton,,Bolton,36113
Warren,,Chester,,Chester,36113
Warren,,Hague,,Hague,36113
Warren,,Horicon,,Horicon,36113
Warren,,Johnsburg,,Johnsburg,36113
Warren,,Lake George,Lake George,Lake George,36113
Warren,,Lake George,,Lake George,36113
Warren,,Lake Luzerne,,Lake Luzerne,36113
Warren,,Queensbury,,Queensbury,36113
Warren,,Stony Creek,,Stony Creek,36113
Warren,,Thurman,,Thurman,36113
Warren,,Warrensburg,,Warrensburg,36113
Warren,,,,,36113
Washington,,Argyle,Argyle,Argyle,36115
Washington,,Argyle,,Argyle,36115
Washington,,Cambridge,Cambridge,Cambridge,36115
Washington,,Cambridge,,Cambridge,36115
Washington,,Dresden,,Dresden,36115
Washington,,Easton,Greenwich,Greenwich,36115
Washington,,Easton,,Easton,36115
Washington,,Fort Ann,Fort Ann,Fort Ann,36115
Washington,,Fort Ann,,Fort Ann,36115
Washington,,Fort Edward,Fort Edward,Fort Edward,36115
Washington,,Fort Edward,,Fort Edward,36115
Washington,,Granville,Granville,Granville,36115
Washington,,Granville,,Granville,36115
Washington,,Greenwich,,Greenwich,36115
Washington,,Hampton,,Hampton,36115
Washington,,Hartford,,Hartford,36115
Washington,,Hebron,,Hebron,36115
Washington,,Jackson,,Jackson,36115
Washington,,Kingsbury,Hudson Falls,Hudson Falls,36115
Washington,,Kingsbury,,Kingsbury,36115
Washington,,Putnam,,Putnam,36115
Washington,,Salem,Salem,Salem,36115
Washington,,Salem,,Salem,36115
Washington,,White Creek,,White Creek,36115
Washington,,Whitehall,Whitehall,Whitehall,36115
Washington,,Whitehall,,Whitehall,36115
Washington,,,,,36115
Wayne,,Arcadia,Newark,Newark,36117
Wayne,,Arcadia,,Arcadia,36117
Wayne,,Butler,Wolcott,Wolcott,36117
Wayne,,Butler,,Butler,36117
Wayne,,Galen,Clyde,Clyde,36117
Wayne,,Galen,,Galen,36117
Wayne,,Huron,,Huron,36117
Wayne,,Lyons,Lyons,Lyons,36117
Wayne,,Lyons,,Lyons,36117
Wayne,,Macedon,Macedon,Macedon,36117
Wayne,,Macedon,,Macedon,36117
Wayne,,Marion,,Marion,36117
Wayne,,Ontario,,Ontario,36117
Wayne,,Palmyra,Palmyra,Palmyra,36117
Wayne,,Palmyra,,Palmyra,36117
Wayne,,Rose,,Rose,36117
Wayne,,Savannah,,Savannah,36117
Wayne,,Sodus,Sodus,Sodus,36117
Wayne,,Sodus,Sodus Point,Sodus Point,36117
Wayne,,Walworth,,Walworth,36117
Wayne,,Williamson,,Williamson,36117
Wayne,,Wolcott,Red Creek,Red Creek,36117
Wayne,,Wolcott,,Wolcott,36117
Wayne,,,,,36117
Westchester,,Bedford,,Bedford,36119
Westchester,,Cortlandt,Buchanan,Buchanan,36119
Westchester,,Cortlandt,Croton-on-Hudson,Croton-on-Hudson,36119
Westchester,,Cortlandt,,Cortlandt,36119
Westchester,,Eastchester,Bronxville,Bronxville,36119
Westchester,,Eastchester,Tuckahoe,Tuckahoe,36119
Westchester,,Eastchester,,Eastchester,36119
Westchester,,Greenburgh,Ardsley,Ardsley,36119
Westchester,,Greenburgh,Dobbs Ferry,Dobbs Ferry,36119
Westchester,,Greenburgh,Elmsford,Elmsford,36119
Westchester,,Greenburgh,Hastings-on-Hudson,Hastings-on-Hudson,36119
Westchester,,Greenburgh,Irvington,Irvington,36119
Westchester,,Greenburgh,Tarrytown,Tarrytown,36119
Westchester,,Greenburgh,,Greenburgh,36119
Westchester,,Harrison,Harrison,Harrison,36119
Westchester,,Harrison,,Harrison,36119
Westchester,,Lewisboro,,Lewisboro,36119
Westchester,,Mamaroneck,Larchmont,Larchmont,36119
Westchester,,Mamaroneck,Mamaroneck,Mamaroneck,36119
Westchester,,Mamaroneck,,Mamaroneck,36119
Westchester,,Mount Kisco,Mount Kisco,Mount Kisco,36119
Westchester,,Mount Kisco,,Mount Kisco,36119
Westchester,,Mount Pleasant,Briarcliff Manor,Briarcliff Manor,36119
Westchester,,Mount Pleasant,Pleasantville,Pleasantville,36119
Wyoming,,Perry,,Perry,36121
Westchester,,Mount Pleasant,Sleepy Hollow,Sleepy Hollow,36119
Westchester,,Mount Pleasant,,Mount Pleasant,36119
Westchester,,New Castle,,New Castle,36119
Westchester,,North Castle,,North Castle,36119
Westchester,,North Salem,,North Salem,36119
Westchester,,Ossining,Ossining,Ossining,36119
Westchester,,Ossining,,Ossining,36119
Westchester,,Pelham,Pelham,Pelham,36119
Westchester,,Pelham,Pelham Manor,Pelham Manor,36119
Westchester,,Pelham,,Pelham,36119
Westchester,,Pound Ridge,,Pound Ridge,36119
Westchester,,Rye,Port Chester,Port Chester,36119
Westchester,,Rye,Rye Brook,Rye Brook,36119
Westchester,,Rye,,Rye,36119
Westchester,,Scarsdale,Scarsdale,Scarsdale,36119
Westchester,,Scarsdale,,Scarsdale,36119
Westchester,,Somers,,Somers,36119
Westchester,,Yorktown,,Yorktown,36119
Westchester,,,,,36119
Wyoming,,Arcade,Arcade,Arcade,36121
Wyoming,,Arcade,,Arcade,36121
Wyoming,,Attica,,Attica,36121
Wyoming,,Bennington,,Bennington,36121
Wyoming,,Castile,Castile,Castile,36121
Wyoming,,Castile,Perry,Perry,36121
Wyoming,,Castile,,Castile,36121
Wyoming,,Covington,,Covington,36121
Wyoming,,Eagle,,Eagle,36121
Wyoming,,Gainesville,Gainesville,Gainesville,36121
Wyoming,,Gainesville,Silver Springs,Silver Springs,36121
Wyoming,,Gainesville,,Gainesville,36121
Wyoming,,Genesee Falls,,Genesee Falls,36121
Wyoming,,Java,,Java,36121
Wyoming,,Middlebury,Wyoming,Wyoming,36121
Wyoming,,Middlebury,,Middlebury,36121
Wyoming,,Orangeville,,Orangeville,36121
Wyoming,,Pike,,Pike,36121
Wyoming,,Sheldon,,Sheldon,36121
Wyoming,,Warsaw,Warsaw,Warsaw,36121
Wyoming,,Warsaw,,Warsaw,36121
Wyoming,,Wethersfield,,Wethersfield,36121
Wyoming,,,,,36121
Yates,,Barrington,,Barrington,36123
Yates,,Benton,Penn Yan,Penn Yan,36123
Yates,,Benton,,Benton,36123
Yates,,Italy,,Italy,36123
Yates,,Jerusalem,,Jerusalem,36123
Yates,,Middlesex,,Middlesex,36123
Yates,,Milo,,Milo,36123
Yates,,Potter,,Potter,36123
Yates,,Starkey,Dundee,Dundee,36123
Yates,,Starkey,,Starkey,36123
Yates,,Torrey,Dresden,Dresden,36123
Yates,,Torrey,,Torrey,36123
Yates,,,,,36123
Albany,,Guilderland,,Guilderland,36001
Dutchess,,Rhinebeck,,Rhinebeck,36027
Dutchess,,Rhinebeck,Rhinebeck,Rhinebeck,36027
Saratoga,,Corinth,Corinth,Corinth,36091
Dutchess,,Union Vale,,Union Vale,36027
